Workbook

Sheet Gantt Chart
A1: Task | B1: Start | C1: End | D1: =Help!$B$1 -> 45901 | E1: =D1+Help!$B$2 -> 45908 | F1: =E1+Help!$B$2 -> 45915 | G1: =F1+Help!$B$2 -> 45922 | H1: =G1+Help!$B$2 -> 45929 | I1: =H1+Help!$B$2 -> 45936 | J1: =I1+Help!$B$2 -> 45943 | K1: =J1+Help!$B$2 -> 45950 | L1: =K1+Help!$B$2 -> 45957 | ... DC1: =DB1+Help!$B$2 -> 46622
A2: Preparatory Meetings
A3: Establishing the project teams | B3: 45901 | C3: 45907
A4: The Online start up | B4: 45908 | C4: 45914
A5: Staff Meetings at organisations | B5: 45915 | C5: 45921
A6: Administrative Meeting in Portugal | B6: 45972 | C6: 45975
A7: Create a GOOGLE DRIVE folder | B7: 45971 | C7: 45977
A8: Reguler Online Meetings | B8: 46006 | C8: 46538
A9: Quarterly Progress Reports | B9: 46062 | C9: 46517
A13: WP 2 Workshops
A14: Creating a project website/YouTube channel | B14: 46076 | C14: 46081
A15: Poland-Basic Level Composition Training | B15: 46083 | C15: 46086
A16: Turkiye-Digital recording training and joint product preparation | B16: 46174 | C16: 46177
A17: Preparing a digital competence e-guide | B17: 46195 | C17: 46199
A18: Preparing a social cohesion e-guide | B18: 46202 | C18: 46206
A19: Preparing a DM-based lesson plan | B19: 46328 | C19: 46341
A20: Romania-Cultural interaction workshop - Psychosocial support presentation for migrants | B20: 46342 | C20: 46345
A21: Establishing DM recording studios in schools | B21: 46357 | C21: 46387
A22: Online concert | B22: 46443 | C22: 46443
A23: Final Competition | B23: 46447 | C23: 46508
A26: Wp 3
A27: Social media sharing-local activity | B27: 45976 | C27: 46548
A28: providing open-access educational materials-local activity | B28: 46113 | C28: 46371
A29: etwinning project application-local activity | B29: 46342 | C29: 46342
A30: sharing knowledge, experience | B30: 46388 | C30: 46478
A31: Partner institutions sharing project results within their own schools and networks | B31: 46508 | C31: 46537
A32: Final Conference | B32: 46545 | C32: 46545
A33: Establishing sustainable partnerships | B33: 46553 | C33: 46568
A34: Creating a collaborative digital community for communication | B34: 46558 | C34: 46558

Sheet Help
A1: Project Start Date | B1: 45901
A2: Days Per Column | B2: 7
A4: Instructions
A5: 1. Update "Project Start Date" and "Days Per Column" above.
A6: 2. Update the gantt chart rows with task names, start dates, and end dates.
A7: 3. The template will automatically fill the gantt chart bars.
A9: Provided By
A10: onlinegantt.com - Free Online Gantt Chart Software
